{"cameraMode":{"drawMode":0,"name":"Shaded","section":"Shading Mode"},"sceneLighting":false,"audioPlay":false,"sceneViewState":{"m_AlwaysRefresh":false,"showFog":true,"showSkybox":false,"showFlares":true,"showImageEffects":true,"showParticleSystems":true,"showVisualEffectGraphs":true,"m_FxEnabled":true},"in2DMode":false,"pivot":{"x":-0.006653130054473877,"y":-0.046522073447704318,"z":0.012012933380901814},"rotation":{"x":0.14095434546470643,"y":0.6851059794425964,"z":-0.13760720193386079,"w":0.7013182640075684},"size":0.17725814878940583,"orthographic":false}