{"cameraMode":{"drawMode":0,"name":"Shaded","section":"Shading Mode"},"sceneLighting":false,"audioPlay":false,"sceneViewState":{"m_AlwaysRefresh":false,"showFog":true,"showSkybox":false,"showFlares":true,"showImageEffects":true,"showParticleSystems":true,"showVisualEffectGraphs":true,"m_FxEnabled":true},"in2DMode":false,"pivot":{"x":0.20322394371032716,"y":-0.24451124668121339,"z":-0.03682595491409302},"rotation":{"x":0.23050974309444428,"y":0.34548118710517886,"z":-0.08793263882398606,"w":0.9054399132728577},"size":1.440506935119629,"orthographic":false}