{"cameraMode":{"drawMode":0,"name":"Shaded","section":"Shading Mode"},"sceneLighting":false,"audioPlay":false,"sceneViewState":{"m_AlwaysRefresh":false,"showFog":false,"showSkybox":false,"showFlares":false,"showImageEffects":false,"showParticleSystems":false,"showVisualEffectGraphs":true,"m_FxEnabled":true},"in2DMode":false,"pivot":{"x":-1.1312052011489869,"y":0.4419880509376526,"z":0.042776256799697879},"rotation":{"x":0.006281862501055002,"y":0.007193183992058039,"z":0.000019683640857692808,"w":0.9999634027481079},"size":1.1618270874023438,"orthographic":false}